id,tema,camada,pergunta,palavras_chave,reflexao,orientacao,relacionados,origem_interna,status
LID-001,Liderança,Cultura Beira Rio,Tenho receio de delegar e perder o controle,delegar; delegação; autonomia; confiar; controle,"Quem assume uma área precisa de autonomia plena dentro dela. O líder delega no momento certo, mas o rumo e o destino continuam sendo dele.","Escolha a pessoa pela capacidade técnica, pela capacidade de se relacionar e pela ambição de fazer bem. Combine o resultado esperado, defina pontos de acompanhamento e deixe o caminho com ela.",Escolha de pessoas; Unidade de ação,Dossiê 5.2; coleção: Delegação,rascunho
LID-002,Liderança,Cultura Beira Rio,Minha equipe não está alinhada,alinhamento; unidade de ação; equipe dispersa; objetivo,"A unidade de ação nasce quando o líder tem claro aonde quer chegar e a equipe adere à ideia, sentindo-se parte da construção.","Faça uma reunião semanal curta em que a equipe apresenta problemas e possíveis soluções, todos opinam e os responsáveis por cada ação ficam definidos.",Reuniões; Comunicação,Dossiê 5.4,rascunho
LID-003,Liderança,Cultura Beira Rio,Como formar pessoas na minha equipe?,formar pessoas; desenvolver; treinar; exemplo,"A empresa líder também é uma escola de negócios e de vida, e a formação das pessoas passa pelo exemplo do líder.","Entregue responsabilidades crescentes, acompanhe de perto, incentive treinamentos internos e externos e peça que cada pessoa enxergue, na rotina, o que pode melhorar.",Formação de líderes; Desenvolvimento contínuo,Dossiê 2 e 5.3,rascunho
LID-004,Liderança,Cultura Beira Rio,Vou apresentar no encontro mensal do Conquistando a Perfeição. Como me preparo?,apresentação; encontro mensal; ação bem-sucedida; Conquistando a Perfeição,"O encontro serve para compartilhar o que deu certo, analisar a experiência e apontar melhorias. Todos são alunos e professores.","Escolha uma ação concreta, descreva o resultado, explique o que aprendeu e leve uma melhoria possível para o próximo período.",Práticas do período; Compartilhamento,Dossiê 3,rascunho
LID-005,Liderança,Cultura Beira Rio,Como escolher alguém para minha equipe?,contratar; selecionar; escolha; perfil,Quem entra passa a fazer parte do negócio. Alguém desalinhado com a visão do líder pode desestabilizar o grupo.,"Avalie três coisas: capacidade técnica, capacidade de relação e ambição de sucesso. Verifique também se a pessoa se identifica com a cultura humanista da empresa.",Delegação; Cultura,Dossiê 5.2,rascunho
LID-006,Liderança,Cultura Beira Rio,O processo funciona. Preciso mesmo melhorar?,melhoria contínua; processo; inovação; manter,"Primeiro mantém-se o nível atingido, fazendo certo de primeira. É na melhoria que se mede o sucesso, e ela começa pela inovação.","Reduza as variações do processo, pergunte à equipe onde ele trava e teste uma melhoria pequena, medindo o resultado antes de ampliar.",Excelência; Qualidade,Dossiê 6,rascunho
LID-007,Liderança,Liderança geral + cultura,Minha equipe resiste à mudança,mudança; resistência; novo processo; acomodação,"Para mudar, é preciso entender como a cultura atual se formou. A resistência costuma vir do medo de perder algo.","Explique o motivo, mostre o ganho para a equipe, envolva as pessoas nos detalhes e comece por um passo pequeno. Se funcionar, compartilhe com outras equipes.",Comunicação; Melhoria contínua,Dossiê 6; coleção: Liderança e mudança,rascunho
LID-008,Liderança,Liderança geral,Como dar um feedback difícil?,feedback; correção; conversa difícil; chamar atenção,"Todos precisam saber o que fazem bem e o que precisa melhorar, quanto antes melhor. Feedback honesto é cuidado, não ataque.","Converse em particular, descreva o fato e não a pessoa, diga o impacto, ouça a versão dela e combine uma ação concreta.",Relacionamentos; Ouvir,Coleção: Feedback,rascunho
LID-009,Liderança,Cultura Beira Rio,Quem é o meu cliente?,cliente; servir; fornecedor; visão global,"O cliente não é só quem compra. Inclui o fornecedor, a comunidade vizinha e o próprio colaborador. Saber servir é organizar as relações para o melhor resultado.","Liste quem recebe o resultado do seu trabalho, pergunte o que cada um precisa e ajuste uma rotina para atendê-los melhor.",Saber servir; Visão global,Dossiê 4 e 5.1,rascunho
LID-010,Liderança,Liderança geral + cultura,Preciso decidir e estou inseguro,decisão; medo; incerteza; risco,Líderes convivem com a incerteza e precisam de tolerância à ambiguidade e de persistência. Adiar também é decidir.,"Liste as opções e o pior cenário, ouça quem será afetado, defina um prazo e decida. Depois, acompanhe o resultado e ajuste.",Persistência; Decisões,Dossiê 5.1; coleção: Liderança e coragem,rascunho
LID-011,Liderança,Liderança geral,Como motivar uma equipe desanimada?,motivação; desânimo; equipe desmotivada; energia,"A desmotivação quase sempre tem causa: falta de sentido, de reconhecimento ou de clareza. Antes de motivar, é preciso entender o que está faltando.","Converse com cada pessoa, ouça o que pesa, reconheça avanços recentes e conecte o trabalho do dia ao resultado maior da equipe.",Reconhecimento; Visão,Coleção: Motivação,rascunho
LID-012,Liderança,Liderança geral,Fui promovido e agora lidero ex-colegas,promoção; novo líder; ex-colegas; transição,"Mudar de papel muda a relação. O respeito vem da coerência e da justiça, não do cargo.","Converse com cada um sobre como vão trabalhar juntos, seja justo nas decisões, mantenha a proximidade sem favoritismo e peça apoio dos mais experientes.",Relacionamentos; Autoridade,Coleção: Liderança e influência,rascunho
LID-013,Liderança,Liderança geral,Dois membros da equipe estão em conflito,conflito; briga; desentendimento; mediar,"Conflito não tratado cresce. O líder precisa agir cedo, com foco no problema e não nas pessoas.","Ouça cada um separadamente, depois reúna os dois, esclareça fatos e impacto no trabalho e combine acordos concretos com data de revisão.",Comunicação; Relacionamentos,Coleção: Conflitos,rascunho
LID-014,Liderança,Liderança geral + cultura,O que significa liderar pelo exemplo?,exemplo; coerência; postura; credibilidade,"A equipe copia o que o líder faz. A formação das pessoas passa pelo exemplo, e a coerência sustenta a credibilidade.",Escolha um comportamento que você cobra e pratique-o primeiro. Peça à equipe que aponte quando você sair do combinado.,Formação de pessoas; Caráter,Dossiê 2; coleção: Liderança e serviço,rascunho
LID-015,Liderança,Liderança geral,Tudo é urgente. Como priorizar?,prioridade; urgência; tempo; foco,"Se tudo é prioridade, nada é. A urgência não é o mesmo que importância.","Liste as tarefas, separe o que impacta o resultado do que é só barulho, escolha as 3 principais do dia e combine com a equipe o que ficará para depois.",Organização; Tempo,Coleção: Prioridades,rascunho
LID-016,Liderança,Cultura Beira Rio,Como conduzir uma reunião semanal de alinhamento?,reunião; alinhamento semanal; pauta; equipe,"Na rotina da empresa, as reuniões semanais servem para a equipe apresentar problemas e soluções, com todos podendo opinar.","Defina pauta curta, peça que cada pessoa traga um problema e uma proposta, registre responsáveis e prazos e feche com o que será acompanhado na semana seguinte.",Unidade de ação; Plano de ação,Dossiê 5.4,rascunho
LID-017,Liderança,Liderança geral,Como lidar com um colaborador de baixo desempenho?,baixo desempenho; resultado; cobrança; performance,"Antes de concluir que a pessoa não serve, verifique se ela sabe o que se espera, se tem condições e se recebeu feedback claro.","Alinhe expectativas por escrito, combine metas curtas, ofereça apoio ou treinamento e acompanhe com frequência. Se não houver evolução, decida com justiça.",Feedback; Formação,Coleção: Liderança e responsabilidade,rascunho
LID-018,Liderança,Cultura Beira Rio,Como reconhecer o trabalho da equipe?,reconhecimento; reconhecer; elogio; valorização; destaque; destacou,Reconhecer fortalece o protagonismo e mostra o que a cultura valoriza. Boas práticas reconhecidas viram referência para outros.,"Elogie com fatos, diga o impacto do trabalho e, quando a prática for boa, leve-a ao encontro mensal ou à newsletter para que outras equipes aprendam.",Compartilhamento; Newsletter,Dossiê 3,rascunho
LID-019,Liderança,Liderança geral + cultura,Como preparar alguém para me substituir?,sucessor; substituto; formar líderes; mentoria,"O legado do líder se mede pelos líderes que ele forma. Se só você consegue liderar, a organização fica frágil.","Identifique 1 ou 2 pessoas com potencial, dê responsabilidades crescentes e reserve um encontro regular para conversar sobre as decisões.",Formação de líderes; Mentoria,Dossiê 5.3; coleção: Mentorear,rascunho
LID-020,Liderança,Liderança geral,Como ouvir melhor a minha equipe?,ouvir; escuta; diálogo; opinião,Ouvir não é esperar a vez de falar. É entender o que a pessoa quer dizer e o que ela precisa.,"Pergunte mais do que afirma, não interrompa, repita com suas palavras o que entendeu e agradeça sugestões, mesmo as que não forem adotadas.",Comunicação; Empatia,Coleção: Ouvir,rascunho
LID-021,Liderança,Liderança geral,Preciso comunicar uma decisão impopular,decisão impopular; comunicar; notícia ruim; transparência,As pessoas aceitam melhor uma decisão difícil quando entendem o motivo e se sentem respeitadas.,"Explique o porquê com clareza, assuma a responsabilidade, ouça as reações sem se defender e diga o que acontece a partir de agora.",Transparência; Mudança,Coleção: Comunicação,rascunho
LID-022,Liderança,Liderança geral,Como liderar equipes em turnos diferentes?,turnos; equipes; horários; alinhamento,Equipes separadas por horário correm o risco de viver realidades distintas. A comunicação precisa chegar igual a todos.,"Defina um ponto de passagem de informações entre turnos, padronize os registros e faça encontros periódicos com representantes de cada turno.",Comunicação; Unidade de ação,Dossiê 5.4,rascunho
LID-023,Liderança,Liderança geral,A equipe errou. Eu assumo ou cobro?,erro; responsabilidade; culpa; falha da equipe,O líder responde pelo resultado do time. Assumir diante dos outros e corrigir com a pessoa em particular constrói respeito.,"Resolva o problema primeiro, entenda a causa com a equipe e ajuste o processo para o erro não se repetir.",Responsabilidade; Feedback,Coleção: Liderança e responsabilidade,rascunho
LID-024,Liderança,Liderança geral + cultura,Como fazer a equipe entender para onde estamos indo?,visão; meta; direção; objetivo,A unidade de ação exige que o líder tenha claro aonde quer chegar e que a equipe adira. Uma visão só funciona quando é compartilhada.,"Explique a meta em uma frase, mostre o progresso nas reuniões e conecte o trabalho de cada um ao resultado final da empresa.",Propósito; Metas,Dossiê 5.4; coleção: Liderança e visão,rascunho
LID-025,Liderança,Liderança geral,Posso liderar sem ter cargo de chefia?,liderar sem cargo; influência; liderança 360; liderar para cima,"Liderança é influência, não título. É possível liderar para cima, para os lados e para baixo.","Entregue o que prometeu, ajude os colegas a ter sucesso e leve soluções ao seu gestor, não só problemas.",Influência; Atitude,Coleção: Líder 360°,rascunho
LID-026,Liderança,Liderança geral,Como me relacionar bem com o meu chefe?,chefe; gestor; liderar para cima; alinhamento,"Liderar para cima é facilitar o trabalho de quem decide: clareza, confiança e antecipação.","Entenda as prioridades do seu gestor, informe cedo o que for importante, traga propostas e não só problemas e peça feedback com regularidade.",Comunicação; Confiança,Coleção: Líder 360°,rascunho
LID-027,Liderança,Liderança geral,Faço tudo sozinho e não tenho tempo,sobrecarga; falta de tempo; fazer tudo; operacional,"Um líder que faz tudo vira o limite do próprio time. O trabalho do líder inclui formar e organizar, não só executar.","Liste suas tarefas, separe o que só você pode fazer, delegue o restante com instruções claras e reserve um horário fixo para planejar.",Delegação; Tempo,Coleção: Delegação,rascunho
LID-028,Liderança,Liderança geral,Como equilibrar o dia a dia e o estratégico?,estratégico; operacional; planejamento; futuro,A rotina consome o líder se ele não protege tempo para pensar adiante.,"Reserve um bloco semanal fixo para planejar, defina 2 ou 3 prioridades de médio prazo e acompanhe-as nas reuniões.",Planejamento; Prioridades,Coleção: Planejamento,rascunho
LID-029,Liderança,Liderança geral,Como lidar com a pressão por resultados?,pressão; resultado; meta; estresse,Pressão faz parte da liderança. O que decide o efeito dela é a clareza do plano e o cuidado com as pessoas.,"Quebre a meta em etapas, comunique com transparência o que está acontecendo, peça ajuda quando precisar e reconheça os avanços da equipe.",Metas; Persistência,Coleção: Perseverança,rascunho
LID-030,Liderança,Liderança geral,Como criar um ambiente de confiança?,confiança; ambiente; transparência; segurança,"Confiança se constrói com coerência: o que se diz e o que se faz precisam coincidir, inclusive nos erros.","Cumpra o que prometer, admita falhas, dê autonomia proporcional à responsabilidade e trate todos com a mesma justiça.",Relacionamentos; Ética,Coleção: Confiança,rascunho
LID-031,Liderança,Cultura Beira Rio,Como estimular a iniciativa da equipe?,iniciativa; protagonismo; proatividade; ideias,A cultura da empresa valoriza o protagonismo. As pessoas se sentem donas do resultado quando podem propor e executar.,"Peça sugestões de melhoria, deixe a pessoa conduzir a ação, reconheça a iniciativa e leve boas ideias ao encontro mensal.",Protagonismo; Melhoria contínua,Dossiê 3 e 4,rascunho
LID-032,Liderança,Liderança geral + cultura,Como integrar um novo colaborador?,integração; novo colaborador; onboarding; acolher,O novo integrante passa a fazer parte do negócio. O início define a relação dele com a equipe e com a cultura.,"Apresente a equipe e a cultura, combine expectativas claras, indique um colega de apoio e acompanhe com conversas curtas nas primeiras semanas.",Cultura; Formação de pessoas,Dossiê 5.2,rascunho
LID-033,Liderança,Cultura Beira Rio,Como replicar uma boa prática de outra equipe?,boa prática; replicar; compartilhar; referência,"Na empresa, as melhorias de uma equipe muitas vezes são replicadas por outras. Compartilhar é parte da cultura.","Entenda o que deu certo e por quê, adapte à realidade da sua equipe, teste em pequena escala e depois compartilhe o resultado.",Compartilhamento; Newsletter,Dossiê 5.4,rascunho
LID-034,Liderança,Liderança geral,Como acompanhar o desempenho da equipe?,desempenho; acompanhamento; indicadores; metas,"O que não é acompanhado não melhora. Medir ajuda a conversar com fatos, não com impressões.","Escolha poucos indicadores claros, acompanhe-os com frequência, converse sobre o resultado com a equipe e comemore as evoluções.",Metas; Feedback,Coleção: Metas,rascunho
LID-035,Liderança,Cultura Beira Rio,Como dar autonomia sem perder a qualidade?,autonomia; qualidade; liberdade; padrão,"Autonomia plena funciona dentro de um campo bem definido. Primeiro se mantém o nível atingido, depois se melhora.","Defina o padrão de qualidade e os limites, dê liberdade no caminho e acompanhe pelos resultados, não por controle excessivo.",Delegação; Qualidade,Dossiê 5.2 e 6,rascunho
LID-036,Liderança,Liderança geral,Um colaborador antigo resiste às novas ideias,colaborador antigo; resistência; experiência; novas ideias,"A experiência é valiosa, mas pode virar acomodação. Respeitar o passado ajuda a construir o novo.","Reconheça a contribuição da pessoa, peça a opinião dela sobre o novo, dê um papel na mudança e mostre ganhos concretos.",Mudança; Respeito,Coleção: Liderança e mudança,rascunho
LID-037,Liderança,Liderança geral + cultura,A equipe não se compromete. O que fazer?,comprometimento; compromisso; engajamento; responsabilidade,"Comprometimento nasce quando a pessoa vê sentido e se sente parte da construção, não apenas executora.","Explique o propósito do trabalho, envolva a equipe no plano, defina responsáveis e prazos e cobre com coerência.",Unidade de ação; Engajamento,Dossiê 5.4; coleção: Compromisso,rascunho
LID-038,Liderança,Cultura Beira Rio,Como equilibrar resultado e pessoas?,resultado; pessoas; equilíbrio; humanista,A empresa busca conciliar resultado econômico e desenvolvimento humanista. Uma dimensão alimenta a outra.,"Ao decidir, pergunte qual o impacto no resultado e nas pessoas. Invista em formação e reconheça avanços, sem perder o foco nas metas.",Cultura; Propósito,Dossiê 2,rascunho
LID-039,Liderança,Cultura Beira Rio,Como me manter atualizado como líder?,atualização; aprendizado; estudar; inovação,O líder tem sede de conhecimento e entende que a inovação contínua é a base das organizações modernas.,"Reserve tempo semanal para aprender, converse com pessoas de outras áreas, participe de treinamentos e traga o que aprender para a equipe.",Aprendizado; Inovação,Dossiê 5.1,rascunho
LID-040,Liderança,Liderança geral,Cometi um erro. Como lidar?,meu erro; humildade; reconhecer erro; corrigir,Reconhecer o erro mostra maturidade e ensina a equipe a fazer o mesmo.,"Assuma com objetividade, corrija o que for possível, explique o que aprendeu e ajuste o processo para não repetir.",Humildade; Responsabilidade,Coleção: Erros,rascunho
LID-041,Liderança,Liderança geral,Como liderar em um momento de crise?,crise; emergência; pressão; clareza,"Na crise, a equipe procura direção. Calma, clareza e comunicação frequente fazem diferença.","Defina o essencial, dê instruções simples, comunique com frequência, escute quem está na linha de frente e registre os aprendizados depois.",Decisões; Comunicação,Coleção: Decisões,rascunho
LID-042,Liderança,Liderança geral,Como distribuir tarefas com justiça?,distribuir tarefas; justiça; carga de trabalho; equilíbrio,"Justiça na divisão do trabalho sustenta a confiança. Favoritismo, mesmo percebido, corrói a equipe.","Use critérios claros (competência, carga e desenvolvimento), explique-os à equipe e revise a distribuição periodicamente.",Delegação; Ética,Coleção: Justiça,rascunho
LID-043,Liderança,Liderança geral,Como cuidar da minha energia como líder?,energia; equilíbrio; cansaço; foco,O líder precisa de energia para sustentar o grupo. Quem se descuida de si acaba descuidando da equipe.,"Defina limites para o trabalho, proteja horários de descanso, priorize o que importa e peça apoio quando estiver sobrecarregado.",Equilíbrio; Prioridades,Coleção: Equilíbrio,rascunho
LID-044,Liderança,Cultura Beira Rio,Como estimular o aprendizado entre os colegas?,aprender; ensinar; troca; alunos e professores,"Na cultura da empresa, todos são alunos e professores ao mesmo tempo, e o conhecimento circula.","Peça que cada pessoa ensine algo que domina, crie momentos curtos de troca na equipe e valorize quem compartilha.",Conquistando a Perfeição; Formação,Dossiê 3,rascunho
LID-045,Liderança,Liderança geral + cultura,Como definir metas claras para a equipe?,metas; objetivos; resultado esperado; clareza,Metas claras criam unidade de ação: cada pessoa sabe onde chegar e o que sua parte representa.,"Escreva a meta de forma simples e mensurável, combine prazos e responsáveis, explique o porquê e acompanhe o progresso.",Visão; Plano de ação,Dossiê 5.4; coleção: Metas,rascunho
CUL-001,Cultura,Cultura Beira Rio,O que é o Conquistando a Perfeição?,Conquistando a Perfeição; programa; o que é; desenvolvimento,É o programa que faz parte da rotina da empresa e busca o desenvolvimento contínuo das pessoas e o surgimento de novos talentos em todas as áreas.,"Participe dos encontros mensais, apresente o que deu certo no seu trabalho e leve uma melhoria possível para o período seguinte.",Encontro mensal; Protagonismo,Dossiê 3,rascunho
CUL-002,Cultura,Cultura Beira Rio,Para que serve o encontro mensal?,encontro mensal; reunião; apresentar; compartilhar,"Ali os colaboradores apresentam ações bem-sucedidas, analisam as experiências com os colegas e apontam melhorias para o futuro.","Prepare uma ação concreta, conte o resultado e o que aprendeu, ouça os colegas e anote o que pode aplicar na sua rotina.",Conquistando a Perfeição; Compartilhamento,Dossiê 3,rascunho
CUL-003,Cultura,Cultura Beira Rio,Qual é a missão da Beira Rio e o que ela tem a ver com o meu trabalho?,missão; propósito; beleza; desenvolvimento humano,"A missão é oferecer beleza para os pés com soluções criativas e produtos de qualidade, agregando valor e contribuindo para o desenvolvimento humano.","Pergunte-se como o seu trabalho do dia contribui para a qualidade do produto ou para o desenvolvimento de alguém, e faça isso com cuidado.",Visão; Valores,Dossiê 2 (site oficial),rascunho
CUL-004,Cultura,Cultura Beira Rio,Qual é a visão da empresa e qual é o meu papel nela?,visão; futuro; maior e melhor; crescimento,"A visão é ser a maior e melhor empresa de calçados, com produtos reconhecidos no mundo e profissionais que garantam um futuro inovador.",Escolha uma melhoria na sua área que aproxime a empresa desse futuro e leve-a ao seu líder ou ao encontro mensal.,Missão; Melhoria contínua,Dossiê 2 (site oficial),rascunho
CUL-005,Cultura,Cultura Beira Rio,O que significa 'saber servir'?,saber servir; servir; funcionalidade; relações,"É organizar funções e relações para que o resultado seja máximo, atendendo bem quem depende do seu trabalho.","Identifique quem recebe o resultado do seu trabalho, pergunte o que precisa e ajuste uma rotina para servir melhor.",Cliente; Unidade de ação,Dossiê 4,rascunho
CUL-006,Cultura,Cultura Beira Rio,Por que a empresa fala tanto em desenvolvimento humano?,desenvolvimento humano; pessoas; crescimento; humanista,"Para a cultura da empresa, as pessoas são o maior bem, e grandes empresas são feitas por grandes pessoas.","Invista no seu aprendizado, ajude um colega a crescer e leve ao seu líder uma ideia de desenvolvimento para a equipe.",Formação de pessoas; Propósito,Dossiê 2,rascunho
CUL-007,Cultura,Cultura Beira Rio,O que é protagonismo no meu dia a dia?,protagonismo; iniciativa; responsabilidade; autor,"É assumir o papel de autor do resultado do seu trabalho, em vez de esperar que outros resolvam.","Escolha um problema pequeno da sua rotina, proponha uma solução, execute com o apoio do líder e conte o resultado.",Iniciativa; Conquistando a Perfeição,Dossiê 3 e 4,rascunho
CUL-008,Cultura,Cultura Beira Rio,O que significa ser aluno e professor ao mesmo tempo?,aluno; professor; aprender; ensinar,"Na cultura da empresa, todos aprendem e ensinam: o conhecimento circula entre as pessoas.","Compartilhe algo que você domina, pergunte a quem sabe mais e valorize quem ensina.",Troca de conhecimento; Formação,Dossiê 3,rascunho
CUL-009,Cultura,Cultura Beira Rio,Como ligar o meu trabalho aos valores da empresa?,valores; trabalho; coerência; dia a dia,"Os valores falam em excelência que gera resultado para clientes, colaboradores, fornecedores, comunidade, investidores e meio ambiente.","Escolha um valor por semana e observe como seu trabalho o reflete. Se algo destoar, converse com seu líder.",Ética; Excelência,Dossiê 2 (site oficial),rascunho
CUL-010,Cultura,Cultura Beira Rio,O que é excelência empresarial para a Beira Rio?,excelência; resultado; qualidade; empresa,"É buscar resultados positivos que beneficiem todos os públicos da empresa, e não apenas o lucro.","Ao concluir uma tarefa, pergunte quem se beneficia dela e se ela foi feita da melhor forma possível.",Qualidade; Resultados,Dossiê 2 (site oficial),rascunho
CUL-011,Cultura,Cultura Beira Rio,Como posso contribuir para preservar o meio ambiente no meu setor?,meio ambiente; sustentabilidade; natureza; desperdício,"Um dos valores da empresa é preservar o meio ambiente, com processos que protejam a essência e os princípios da natureza.","Observe desperdícios na sua rotina, sugira melhorias de processo e leve a prática ao encontro mensal.",Valores; Melhoria contínua,Dossiê 2 (site oficial),rascunho
CUL-012,Cultura,Cultura Beira Rio,Como a empresa apoia a comunidade e como posso ajudar?,comunidade; sociedade; apoio local; vizinhança,"Apoiar o desenvolvimento da comunidade local é um dos valores da empresa, e a comunidade vizinha faz parte de quem a empresa serve.","Converse com seu líder sobre iniciativas locais, participe das ações e leve ideias que envolvam a comunidade.",Valores; Cliente,Dossiê 2 e 5.1,rascunho
CUL-013,Cultura,Cultura Beira Rio,Como posso fortalecer nossos fornecedores?,fornecedor; parceiro; relação; cadeia,Fortalecer fornecedores faz parte dos valores da empresa. Eles também fazem parte de quem a empresa serve.,"Seja claro nos pedidos, cumpra prazos combinados, dê retorno sobre a qualidade e trate o fornecedor como parceiro.",Cliente; Saber servir,Dossiê 2 (site oficial),rascunho
CUL-014,Cultura,Cultura Beira Rio,Como posso satisfazer o cliente e o consumidor no meu setor?,cliente; consumidor; satisfação; qualidade,Satisfazer clientes e consumidores é um valor central. Mesmo quem não os atende diretamente tem clientes internos.,"Descubra quem usa o resultado do seu trabalho, pergunte o que precisa e ajuste uma rotina para atender melhor.",Saber servir; Qualidade,Dossiê 2 e 5.1,rascunho
CUL-015,Cultura,Cultura Beira Rio,O que é unidade de ação?,unidade de ação; equipe; objetivo comum; adesão,"É quando as pessoas têm o mesmo objetivo e se sentem parte da construção do resultado, cada uma com sua inteligência.","Converse com a equipe sobre o objetivo, defina responsáveis e acompanhe o andamento nas reuniões semanais.",Alinhamento; Reuniões,Dossiê 4 e 5.4,rascunho
CUL-016,Cultura,Cultura Beira Rio,Como a cultura entra na rotina da minha equipe?,cultura; rotina; prática; dia a dia,"A cultura vive nas práticas repetidas: reuniões, encontros, reconhecimento e melhoria contínua.","Escolha uma prática simples, como a reunião semanal ou o registro de melhorias, e mantenha-a com constância.",Práticas; Conquistando a Perfeição,Dossiê 3 e 5.4,rascunho
CUL-017,Cultura,Cultura Beira Rio,A empresa é só um negócio ou é algo mais?,empresa; negócio; escola; propósito,"Na cultura descrita, a empresa também é uma escola de negócios e de vida, que concilia resultado econômico e desenvolvimento humanista.",Veja o trabalho como lugar de resultado e de aprendizado. Pergunte-se o que aprendeu hoje e o que ensinou.,Desenvolvimento humano; Excelência,Dossiê 2,rascunho
CUL-018,Cultura,Cultura Beira Rio,Por que a melhoria contínua faz parte da cultura?,melhoria contínua; processo; evolução; mudança,"Primeiro se mantém o nível atingido, depois se melhora. A melhoria é onde se mede o sucesso e começa pela inovação.","Registre uma melhoria por mês no seu setor, teste em pequena escala e compartilhe com outras equipes.",Excelência; Inovação,Dossiê 6,rascunho
CUL-019,Cultura,Cultura Beira Rio,A cultura muda quando a empresa cresce?,crescimento; mudança de cultura; manter; evolução,Mudar uma cultura começa por entender a cultura atual e como ela se formou. O crescimento exige cuidar do que é essencial.,"Reforce os valores nas decisões, converse com os novos sobre como as coisas são feitas e preserve as práticas que funcionam.",Valores; Mudança,Dossiê 6,rascunho
CUL-020,Cultura,Cultura Beira Rio,O que a empresa espera de quem lidera?,líder; expectativa; formação; exemplo,"Que dê exemplo, forme pessoas, delegue com coerência, busque a unidade de ação e se atualize sempre.","Avalie-se em cada ponto, escolha um para melhorar este mês e peça feedback à equipe.",Liderança; Exemplo,Dossiê 5,rascunho
CUL-021,Cultura,Cultura Beira Rio,Como identificar uma boa prática para levar ao encontro?,boa prática; identificar; resultado; compartilhar,Uma boa prática é uma ação que trouxe resultado e pode ser aprendida por outros.,"Pergunte: funcionou, por que funcionou e outro setor pode aplicar? Se sim, descreva o antes, o depois e o aprendizado.",Encontro mensal; Newsletter,Dossiê 3,rascunho
CUL-022,Cultura,Cultura Beira Rio,O que faço quando vejo algo fora da nossa cultura?,desvio; conduta; falha; cultura,"Cuidar da cultura é responsabilidade de todos, e a melhoria começa em conversas honestas.","Converse com a pessoa envolvida, se possível, ou com seu líder, com fatos e sem acusar, e proponha uma saída.",Ética; Feedback,Dossiê 2 e 3,rascunho
CUL-023,Cultura,Cultura Beira Rio,Por que fazer certo de primeira é tão importante?,qualidade; certo de primeira; erro; retrabalho,"Manter o nível atingido exige fazer certo de primeira, com poucas variações no processo.","Antes de entregar, confira o essencial, padronize o que funciona e avise cedo quando perceber um problema.",Qualidade; Melhoria contínua,Dossiê 6,rascunho
CUL-024,Cultura,Cultura Beira Rio,Como a empresa equilibra tradição e inovação?,inovação; tradição; novas tecnologias; mudança,"A empresa se apoia em gestão eficaz, novas tecnologias e novos materiais, mantendo a base de valores.","Aprenda novas ferramentas do seu setor e preserve o que é essencial: qualidade, cuidado e respeito às pessoas.",Inovação; Excelência,Dossiê 2 e 6 (site oficial),rascunho
CUL-025,Cultura,Cultura Beira Rio,O que quer dizer 'espalhar beleza pelo mundo'?,beleza; espalhar; propósito; consumidor,"Quer dizer que cada produto carrega o cuidado das pessoas que o fazem, e que a empresa deseja encantar o consumidor.","Antes de concluir sua etapa, pergunte se faria com orgulho para alguém que você ama. Isso é cuidado com a beleza.",Missão; Qualidade,Dossiê 2,rascunho
REL-001,Relacionamentos,Liderança geral,Como me comunicar com mais clareza?,comunicação; clareza; explicar; entender,"Comunicar bem é fazer o outro entender, e não apenas falar. A clareza começa por saber o que se quer dizer.","Defina a ideia principal antes de falar, use exemplos, confirme se a pessoa entendeu e ajuste a explicação se preciso.",Ouvir; Reuniões,Coleção: Comunicação,rascunho
REL-002,Relacionamentos,Liderança geral,Como pedir ajuda a um colega?,pedir ajuda; colega; apoio; cooperação,Pedir ajuda não é fraqueza: é um jeito de aprender e de fortalecer a equipe.,"Seja específico sobre o que precisa, explique o motivo, respeite o tempo do colega e agradeça depois.",Cooperação; Gratidão,Coleção: Relacionamentos,rascunho
REL-003,Relacionamentos,Liderança geral,Como lidar com fofoca no trabalho?,fofoca; fofoqueiro; fofocar; boato; comentário; clima,A fofoca destrói a confiança e quase sempre distorce os fatos.,"Não repasse boatos, redirecione a conversa e, quando algo for sério, fale diretamente com a pessoa ou com o líder.",Confiança; Ética,Coleção: Fofoca,rascunho
REL-004,Relacionamentos,Liderança geral,Como dizer não sem criar conflito?,dizer não; limite; recusar; pedido,Dizer não com respeito protege a qualidade do que você entrega e a relação com o outro.,"Explique o motivo, reconheça a necessidade do pedido e, se possível, ofereça uma alternativa ou outro prazo.",Comunicação; Prioridades,Coleção: Relacionamentos,rascunho
REL-005,Relacionamentos,Liderança geral,Como lidar com um colega difícil?,colega difícil; relação; conflito; paciência,Muitas vezes o problema está no comportamento e não na pessoa. Entender o contexto ajuda a agir melhor.,"Foque em fatos, mantenha calma e respeito, combine regras de convivência e, se não funcionar, peça apoio ao líder.",Conflitos; Respeito,Coleção: Conflitos,rascunho
REL-006,Relacionamentos,Liderança geral,Como pedir desculpas de forma sincera?,desculpa; pedir perdão; erro; reparar,"Um pedido sincero reconhece o erro, assume a responsabilidade e busca reparar.","Diga o que fez, assuma sem justificativas excessivas, ouça o outro e combine como evitar que se repita.",Humildade; Confiança,Coleção: Perdão,rascunho
REL-007,Relacionamentos,Liderança geral,Como seguir em frente depois de uma mágoa no trabalho?,mágoa; ressentimento; perdoar; superar,"Guardar ressentimento pesa mais em quem o carrega. Perdoar não é concordar, é seguir em frente.","Converse com a pessoa se possível, estabeleça limites claros e foque no trabalho que vocês precisam entregar.",Perdão; Respeito,Coleção: Perdão,rascunho
REL-008,Relacionamentos,Liderança geral,Como lidar com uma crítica que recebi?,crítica; feedback; receber; ouvir,É preciso humildade para ouvir uma crítica e sabedoria para usá-la.,"Ouça sem interromper, peça exemplos, agradeça e decida o que vai mudar. Se não concordar, converse com calma.",Feedback; Humildade,Coleção: Feedback,rascunho
REL-009,Relacionamentos,Liderança geral,Como fazer uma crítica a um colega sem ofender?,criticar colega; observação; respeito; conversa,Uma crítica bem feita ajuda o outro a crescer e preserva a relação.,"Converse em particular, descreva o fato, explique o impacto e pergunte como ele vê a situação.",Feedback; Respeito,Coleção: Críticas,rascunho
REL-010,Relacionamentos,Liderança geral,Como construir confiança com um novo colega?,confiança; novo colega; relação; começo,"A confiança nasce de atitudes pequenas e constantes: cumprir o combinado, ser honesto e respeitar.","Seja claro, cumpra prazos, ajude quando puder e valorize o que o colega sabe fazer.",Integração; Ética,Coleção: Confiança,rascunho
REL-011,Relacionamentos,Liderança geral,Como trabalhar com quem pensa diferente?,pensar diferente; diversidade; discordar; respeito,As diferenças bem tratadas enriquecem as soluções. O desafio é discordar sem desrespeitar.,"Pergunte o que a pessoa vê que você não vê, procure pontos em comum e decidam juntos com base em fatos.",Respeito; Comunicação,Coleção: Relacionamentos,rascunho
REL-012,Relacionamentos,Liderança geral,Sinto inveja ou competição de um colega,inveja; competição; rivalidade; comparação,A comparação constante drena energia. O sucesso do colega não tira o seu.,"Use a admiração como aprendizado, foque em seu próprio desenvolvimento e comemore as conquistas do grupo.",Equilíbrio; Gratidão,Coleção: Inveja,rascunho
REL-013,Relacionamentos,Liderança geral + cultura,Como demonstrar gratidão no trabalho?,gratidão; agradecer; reconhecimento; valorizar,Agradecer faz o outro se sentir visto e fortalece o clima da equipe. É também uma forma de reconhecer.,"Agradeça com fatos, diga o que a ajuda possibilitou e, quando fizer sentido, leve o reconhecimento ao encontro mensal.",Reconhecimento; Cultura,Coleção: Gratidão; Dossiê 3,rascunho
REL-014,Relacionamentos,Liderança geral,Como convencer alguém sem impor?,convencer; persuadir; argumento; influência,"Persuadir é ajudar o outro a enxergar valor em uma ideia, não ganhar uma discussão.","Entenda o que importa para a pessoa, apresente benefícios que se ligam a isso e deixe espaço para dúvidas.",Comunicação; Influência,Coleção: Persuasão,rascunho
REL-015,Relacionamentos,Liderança geral + cultura,Como me relacionar com outras áreas da empresa?,outras áreas; interdependência; cooperação; setores,Os setores dependem uns dos outros. O resultado final é construído em conjunto.,"Conheça o trabalho das áreas parceiras, alinhe prazos e necessidades, e compartilhe aprendizados com elas.",Unidade de ação; Cooperação,Dossiê 5.4; coleção: Interdependência,rascunho
REL-016,Relacionamentos,Liderança geral,Um colega não entrega a parte dele,colega não entrega; prazo; combinado; cobrança,"Falhas de entrega afetam toda a cadeia. Antes de cobrar, vale entender o que aconteceu.","Converse diretamente, pergunte se há algum obstáculo, renegocie prazos e, se continuar, envolva o líder com fatos.",Responsabilidade; Comunicação,Coleção: Relacionamentos,rascunho
REL-017,Relacionamentos,Liderança geral,Como ser mais empático?,empatia; entender o outro; sensibilidade; escuta,Empatia é tentar compreender a situação do outro antes de julgar.,"Pergunte como a pessoa está, ouça com atenção e considere o contexto dela antes de reagir.",Ouvir; Respeito,Coleção: Empatia,rascunho
REL-018,Relacionamentos,Liderança geral,Como evitar mal-entendidos em mensagens?,mensagem; WhatsApp; texto; mal-entendido,Mensagens perdem tom e contexto. Um texto curto pode ser lido de várias formas.,"Seja claro e objetivo, evite ironia, e para assuntos delicados prefira uma conversa direta.",Comunicação; Clareza,Coleção: Comunicação,rascunho
REL-019,Relacionamentos,Liderança geral,Como lidar com minha irritação no trabalho?,irritação; raiva; estresse; controle emocional,"A irritação passa, mas as palavras ditas nela ficam. Reconhecer o sinal ajuda a agir melhor.","Faça uma pausa, respire, volte ao assunto quando estiver mais calmo e peça desculpas se exagerou.",Equilíbrio; Respeito,Coleção: Emoções,rascunho
REL-020,Relacionamentos,Liderança geral + cultura,Como construir boas relações entre turnos e setores?,turnos; setores; integração; passagem de informação,Equipes que se conhecem colaboram melhor. A passagem de informações precisa ser clara.,"Combine um registro simples de passagem, participe de encontros entre turnos e reconheça o trabalho de quem vem antes e depois.",Unidade de ação; Comunicação,Dossiê 5.4,rascunho
REL-021,Relacionamentos,Liderança geral,Como incentivar um colega desanimado?,incentivar; colega desanimado; encorajar; apoio,Encorajar é lembrar a pessoa do que ela é capaz e mostrar que ela não está sozinha.,"Ouça com atenção, reconheça os esforços, ofereça ajuda concreta e valorize os pequenos avanços.",Encorajamento; Empatia,Coleção: Encorajamento,rascunho
REL-022,Relacionamentos,Liderança geral,Tivemos um mal-entendido. Como resolver?,mal-entendido; confusão; esclarecer; conversa,Muitos conflitos nascem de interpretações diferentes. Esclarecer cedo evita que cresçam.,"Converse logo, pergunte como a pessoa entendeu, explique sua intenção e combine como evitar novas confusões.",Comunicação; Conflitos,Coleção: Conflitos,rascunho
REL-023,Relacionamentos,Liderança geral,Como me posicionar em uma reunião?,reunião; posicionar; falar; opinião,Participar com opinião preparada ajuda a equipe e mostra comprometimento.,"Prepare dois ou três pontos, fale com objetivo, ouça os demais e use exemplos do seu trabalho.",Comunicação; Protagonismo,Coleção: Comunicação,rascunho
REL-024,Relacionamentos,Liderança geral,Como discordar mantendo o respeito?,discordar; divergência; respeito; debate,"Discordar faz parte do trabalho em equipe. O respeito está em atacar a ideia, não a pessoa.","Reconheça o que concorda, explique o que vê diferente, use fatos e aceite a decisão do grupo ou do líder.",Respeito; Comunicação,Coleção: Respeito,rascunho
REL-025,Relacionamentos,Liderança geral + cultura,Como me relacionar com colegas de gerações diferentes?,gerações; mais velho; mais novo; diferença de idade,"Gerações diferentes trazem experiência e novidades. Na cultura da empresa, todos aprendem e ensinam.","Pergunte, troque saberes, evite estereótipos e valorize o que cada um tem a oferecer.",Aluno e professor; Respeito,Dossiê 3; coleção: Relacionamentos,rascunho
TRA-001,Trabalho,Liderança geral,Como organizar meu dia de trabalho?,organizar; rotina; dia; planejamento,Um dia bem organizado começa antes de começar: com clareza sobre o que precisa ser entregue.,"Ao chegar, liste as tarefas, escolha as 3 mais importantes, reserve horários para elas e deixe margem para imprevistos.",Prioridades; Planejamento,Coleção: Planejamento,rascunho
TRA-002,Trabalho,Liderança geral,Tenho muitas tarefas. Por onde começo?,muitas tarefas; começar; prioridade; urgência,Começar pelo que mais importa evita que o urgente consuma o dia.,"Separe o que impacta o resultado do que é secundário, comece pela mais importante e peça ajuda ao líder se o conjunto for inviável.",Foco; Tempo,Coleção: Comece pelo mais importante,rascunho
TRA-003,Trabalho,Liderança geral,Como manter o foco sem me distrair?,foco; distração; concentração; atenção,O foco se treina e é protegido com pequenas decisões.,"Reduza interrupções, trabalhe em blocos curtos, deixe o celular fora de alcance e faça pausas breves entre os blocos.",Produtividade; Rotina,Coleção: Foco,rascunho
TRA-004,Trabalho,Liderança geral,Como cumprir prazos?,prazo; entrega; atraso; compromisso,"Cumprir prazo é cumprir um combinado, e isso constrói confiança.","Divida a entrega em etapas, estime o tempo com folga, acompanhe o andamento e avise cedo se algo puder atrasar.",Compromisso; Responsabilidade,Coleção: Compromisso,rascunho
TRA-005,Trabalho,Liderança geral,Como planejar a minha semana?,planejar semana; semana; metas; agenda,Planejar não toma tempo: economiza. Uma semana sem plano é uma semana reativa.,"No início da semana, defina as principais entregas, distribua nos dias e reserve um momento no fim para avaliar o que foi feito.",Organização; Metas,Coleção: Planejamento,rascunho
TRA-006,Trabalho,Liderança geral + cultura,Como transformar um problema em solução?,problema; solução; resolver; proatividade,"Quem vê o problema com clareza já está a meio caminho da solução. Trazer propostas, e não só reclamações, é protagonismo.","Descreva o problema com fatos, busque as causas, proponha duas ou três opções e leve ao líder ou ao encontro mensal.",Protagonismo; Melhoria contínua,Coleção: Problemas; Dossiê 5.4,rascunho
TRA-007,Trabalho,Liderança geral + cultura,Como trabalhar melhor em equipe?,trabalho em equipe; cooperação; time; colaboração,O resultado final é fruto de muitas pessoas. A unidade de ação faz a equipe render mais do que a soma de cada uma.,"Conheça o objetivo comum, combine responsabilidades, avise sobre dificuldades e valorize o que cada um traz.",Unidade de ação; Cooperação,Dossiê 4; coleção: Trabalho em equipe,rascunho
TRA-008,Trabalho,Cultura Beira Rio,Como fazer um bom plano de ação?,plano de ação; responsáveis; prazos; execução,"Na rotina da empresa, o que é proposto ganha responsáveis para colocá-lo em prática.","Escreva o que será feito, quem faz, até quando e como se saberá que deu certo. Revise nas reuniões.",Reuniões; Metas,Dossiê 5.4,rascunho
TRA-009,Trabalho,Liderança geral,Como lidar com a procrastinação?,procrastinar; adiar; deixar para depois; preguiça,Adiar costuma esconder medo de errar ou de não saber começar. O primeiro passo pequeno quebra a inércia.,"Divida a tarefa em partes, comece por 10 minutos, defina um prazo e comemore o avanço.",Disciplina; Foco,Coleção: Procrastinação,rascunho
TRA-010,Trabalho,Liderança geral,Como ser mais produtivo sem me sobrecarregar?,produtividade; sobrecarga; eficiência; equilíbrio,"Produtividade é fazer o que importa bem feito, não fazer mais coisas.","Elimine o que não agrega, agrupe tarefas parecidas, proteja pausas e converse com o líder se a carga ficar excessiva.",Prioridades; Equilíbrio,Coleção: Produtividade,rascunho
TRA-011,Trabalho,Cultura Beira Rio,Como pedir treinamento ao meu líder?,treinamento; capacitação; aprender; pedir,"A empresa incentiva a formação das pessoas, e pedir treinamento mostra interesse em crescer.","Explique qual habilidade quer desenvolver, como isso melhora seu trabalho e proponha uma forma de aplicar o aprendizado.",Formação; Desenvolvimento,Dossiê 5.3,rascunho
TRA-012,Trabalho,Cultura Beira Rio,Como crescer na carreira dentro da empresa?,carreira; crescer; promoção; desenvolvimento,"A formação de líderes na empresa é interna e baseada em meritocracia: resultado, aprendizado e alinhamento com a cultura contam.","Entregue com qualidade, aprenda sempre, assuma responsabilidades, mostre alinhamento à cultura e converse com seu líder sobre seus objetivos.",Formação de líderes; Protagonismo,Dossiê 5.3,rascunho
TRA-013,Trabalho,Liderança geral,Fui mudado de função ou área. Como me adapto?,mudança de função; nova área; adaptação; recomeçar,"Mudar é desconfortável, mas também uma oportunidade de aprender.","Pergunte muito, observe quem domina a função, peça feedback nas primeiras semanas e registre o que aprende.",Mudança; Aprendizado,Coleção: Mudança,rascunho
TRA-014,Trabalho,Cultura Beira Rio,Como registrar o que aprendi no trabalho?,registrar aprendizado; anotar; memória; lições,Registrar transforma experiência em aprendizado e prepara o que será compartilhado no encontro mensal.,"Anote, ao fim de cada semana, uma ação que deu certo, o motivo e o que repetir. Use isso no encontro mensal.",Conquistando a Perfeição; Evolução,Dossiê 3,rascunho
TRA-015,Trabalho,Liderança geral,Como entregar com qualidade sob pressão?,pressão; qualidade; urgência; pouco tempo,A pressão revela hábitos: quem tem processo e preparação mantém a qualidade.,"Priorize o essencial, confirme o que é crítico, peça clareza sobre o que pode esperar e evite pular etapas de conferência.",Qualidade; Foco,Coleção: Preparação,rascunho
TRA-016,Trabalho,Liderança geral,Como lidar com tarefas repetitivas?,tarefa repetitiva; rotina; monotonia; tédio,"A rotina sustenta a empresa, e é nela que a melhoria contínua acontece.","Procure pequenas melhorias no processo, registre ideias e proponha ao líder. Assim a rotina vira aprendizado.",Melhoria contínua; Rotina,Dossiê 6,rascunho
TRA-017,Trabalho,Cultura Beira Rio,Como padronizar o meu trabalho?,padronizar; padrão; processo; repetir,Manter o nível atingido exige poucas variações no processo e fazer certo de primeira.,"Documente os passos que funcionam, siga-os com disciplina e proponha ajustes quando encontrar algo melhor.",Qualidade; Melhoria contínua,Dossiê 6,rascunho
TRA-018,Trabalho,Liderança geral,Como me preparar para uma reunião de resultados?,reunião de resultados; preparar; apresentar; números,Quem chega preparado participa melhor e ajuda a decidir.,"Reúna os números principais, explique o que mudou e por quê, destaque dificuldades e prepare uma proposta.",Reuniões; Comunicação,Coleção: Reunião,rascunho
TRA-019,Trabalho,Liderança geral,Como lidar com interrupções?,interrupção; atrapalhar; foco; chamadas,"Nem toda interrupção pode ser evitada, mas dá para reduzi-las e gerenciá-las.","Combine horários de atendimento, avise quando estiver em tarefa crítica e retome o que estava fazendo com um registro rápido.",Foco; Organização,Coleção: Foco,rascunho
TRA-020,Trabalho,Liderança geral,Recebi uma nova responsabilidade. E agora?,nova responsabilidade; assumir; desafio; expectativa,Assumir mais responsabilidade é sinal de confiança e exige clareza.,"Alinhe expectativas com o líder, mapeie o que precisa aprender, defina os primeiros passos e peça feedback cedo.",Responsabilidade; Aprendizado,Coleção: Responsabilidade,rascunho
TRA-021,Trabalho,Liderança geral,Como acompanhar o resultado do que eu faço?,resultado; acompanhar; medir; indicador,O que não é acompanhado não melhora. Medir ajuda a conversar com fatos.,"Escolha um ou dois indicadores simples do seu trabalho, anote semanalmente e leve a evolução ao seu líder.",Metas; Melhoria,Coleção: Resultados,rascunho
TRA-022,Trabalho,Liderança geral,Preciso fazer uma tarefa que não sei fazer,não sei fazer; aprender; dúvida; ajuda,"Admitir que não sabe é o primeiro passo para aprender, e na cultura todos são alunos e professores.","Pergunte a quem sabe, peça para ver o processo uma vez, anote os passos e pratique com acompanhamento.",Aluno e professor; Humildade,Dossiê 3,rascunho
TRA-023,Trabalho,Liderança geral,Como manter o local de trabalho organizado?,organização; ambiente; local de trabalho; limpeza,"Um ambiente organizado reduz erros e desperdício, e demonstra cuidado com o trabalho.","Mantenha cada coisa em seu lugar, descarte o que não usa, deixe o posto pronto para o próximo e sugira melhorias.",Qualidade; Cuidado,Coleção: Organização,rascunho
TRA-024,Trabalho,Liderança geral,Como dividir tarefas em uma equipe?,dividir tarefas; divisão; equipe; responsabilidades,"Dividir bem significa considerar competência, carga e desenvolvimento de cada pessoa.","Liste as tarefas, converse sobre quem faz melhor o quê, equilibre a carga e revise a divisão periodicamente.",Cooperação; Justiça,Coleção: Trabalho em equipe,rascunho
TRA-025,Trabalho,Liderança geral,Como encerrar bem o dia e passar pendências?,encerrar o dia; pendências; passagem; continuidade,Terminar bem o dia permite recomeçar com clareza e protege quem assume depois.,"Registre o que foi feito, o que ficou pendente e o que é urgente. Comunique ao próximo responsável de forma clara.",Comunicação; Organização,Coleção: Organização,rascunho
EXC-001,Excelência,Cultura Beira Rio,O que é excelência no meu trabalho?,excelência; fazer bem feito; padrão; qualidade,"Para a empresa, a excelência é buscar resultados positivos que beneficiem clientes, colaboradores e a sociedade, e começa no trabalho bem feito.","Pergunte-se, em cada entrega, se ela foi feita da melhor forma possível e quem se beneficia dela.",Qualidade; Valores,Dossiê 2,rascunho
EXC-002,Excelência,Cultura Beira Rio,Como melhorar um pouco todos os dias?,melhorar todo dia; evolução; pequenos passos; constância,A melhoria contínua é parte da cultura: pequenos avanços repetidos geram grandes resultados.,"Escolha um ponto de melhoria por semana, aplique, avalie e registre. No fim do mês, leve ao encontro.",Melhoria contínua; Constância,Dossiê 6,rascunho
EXC-003,Excelência,Liderança geral,Como manter a disciplina?,disciplina; compromisso; rotina; constância,"Disciplina é fazer o que precisa ser feito, mesmo sem vontade, porque o objetivo importa.","Defina rotinas simples, comece pelo mais importante, registre o cumprimento e comemore a regularidade.",Hábitos; Foco,Coleção: Disciplina,rascunho
EXC-004,Excelência,Liderança geral,Como ser constante?,constância; regularidade; persistência; ritmo,Constância vale mais do que intensidade. Resultados duráveis vêm da repetição.,"Escolha ações pequenas que consiga manter, vincule a horários fixos e retome logo se falhar.",Disciplina; Persistência,Coleção: Constância,rascunho
EXC-005,Excelência,Liderança geral,Como não desistir diante de uma dificuldade?,desistir; dificuldade; persistência; obstáculo,Persistência é uma característica do líder e de quem constrói resultados.,"Divida o obstáculo em partes, busque ajuda, ajuste o caminho sem mudar o objetivo e lembre por que começou.",Perseverança; Superação,Dossiê 5.1; coleção: Perseverança,rascunho
EXC-006,Excelência,Liderança geral,Como superar um fracasso?,fracasso; derrota; recomeçar; superar,O fracasso é informação. O que importa é o que se aprende e a decisão de seguir.,"Analise o que aconteceu sem se culpar, tire duas lições, ajuste o plano e dê o próximo passo.",Erros; Superação,Coleção: Fracasso,rascunho
EXC-007,Excelência,Liderança geral,Como criar bons hábitos no trabalho?,hábitos; rotina; mudar; comportamento,Hábitos nascem da repetição. Pequenas mudanças diárias transformam resultados.,"Escolha um hábito de cada vez, associe a um horário, acompanhe e mantenha por pelo menos algumas semanas.",Disciplina; Constância,Coleção: Hábitos,rascunho
EXC-008,Excelência,Liderança geral,Como evitar a acomodação?,acomodação; mediocridade; zona de conforto; estagnação,A acomodação aparece quando se deixa de questionar o que pode melhorar.,"Pergunte-se o que pode ser melhor na sua rotina, procure aprender algo novo e busque desafios dentro da sua área.",Melhoria contínua; Atualização,Coleção: Mediocridade,rascunho
EXC-009,Excelência,Liderança geral,Como medir o meu progresso?,medir progresso; evolução; indicador; resultado,O que se mede melhora. Acompanhar a evolução motiva e orienta.,"Escolha um indicador que represente seu trabalho, anote semanalmente e compare mês a mês.",Metas; Evolução,Coleção: Metas,rascunho
EXC-010,Excelência,Liderança geral,Como aprender com os meus erros?,aprender com erros; falha; lição; corrigir,Errar faz parte do aprendizado quando se transforma em melhoria.,"Reconheça o erro, entenda a causa, corrija o que for possível e ajuste o processo para não repetir.",Humildade; Melhoria,Coleção: Erros,rascunho
EXC-011,Excelência,Liderança geral,Como manter a qualidade quando estou cansado?,cansaço; qualidade; atenção; desgaste,O cansaço aumenta o risco de erro. Cuidar da energia protege a qualidade.,"Faça pausas, revise o que é crítico, peça apoio quando estiver sobrecarregado e cuide do descanso.",Energia; Qualidade,Coleção: Equilíbrio,rascunho
EXC-012,Excelência,Cultura Beira Rio,Buscar a perfeição não paralisa?,perfeição; perfeccionismo; paralisia; melhoria,"No programa da empresa, a perfeição é uma busca contínua e não um ponto final: cada passo é uma conquista.","Defina o que é bom o suficiente para entregar, entregue, colha feedback e melhore na etapa seguinte.",Conquistando a Perfeição; Melhoria contínua,Dossiê 3 e 6,rascunho
EXC-013,Excelência,Liderança geral + cultura,Como celebrar conquistas sem relaxar?,celebrar; conquista; comemorar; manter ritmo,"Celebrar reconhece o esforço e fortalece a equipe, mas a evolução continua.","Reconheça o que foi alcançado, compartilhe com quem ajudou e defina a próxima meta antes de encerrar a comemoração.",Reconhecimento; Metas,Dossiê 3; coleção: Vitória,rascunho
EXC-014,Excelência,Liderança geral + cultura,Como estabelecer padrões altos para minha equipe?,padrão alto; exigência; equipe; qualidade,"Padrões altos funcionam quando são claros, possíveis e acompanhados pelo exemplo do líder.","Explique o padrão e o motivo, mostre na prática, dê feedback regular e reconheça quem o mantém.",Exemplo; Qualidade,Dossiê 5; coleção: Excelência,rascunho
EXC-015,Excelência,Liderança geral,O resultado não vem. O que fazer?,resultado não vem; frustração; ajuste; estratégia,"Quando o resultado não vem, o caminho pode precisar de ajuste, não o objetivo.","Revise o plano, converse com quem já conseguiu, teste uma mudança por vez e acompanhe os efeitos.",Persistência; Melhoria,Coleção: Perseverança,rascunho
EXC-016,Excelência,Cultura Beira Rio,Como transformar uma ideia em melhoria real?,ideia; melhoria; implementar; testar,"As ideias valem quando saem do papel. Na empresa, as melhorias de uma equipe muitas vezes são replicadas por outras.","Descreva a ideia, teste em pequena escala, meça o resultado, ajuste e compartilhe a prática.",Inovação; Compartilhamento,Dossiê 5.4 e 6,rascunho
EXC-017,Excelência,Liderança geral,Como ter mais dedicação ao que faço?,dedicação; empenho; vontade; comprometimento,A dedicação cresce quando se enxerga sentido no que se faz.,"Conecte sua tarefa ao resultado para quem a recebe, busque aprender mais sobre ela e se desafie a fazê-la melhor.",Propósito; Compromisso,Coleção: Dedicação,rascunho
EXC-018,Excelência,Liderança geral,Como manter a motivação a longo prazo?,motivação; longo prazo; energia; propósito,A motivação oscila. Propósito e pequenas vitórias sustentam a caminhada.,"Defina metas de curto prazo, reconheça avanços, mantenha-se aprendendo e converse com pessoas que o inspiram.",Propósito; Constância,Coleção: Motivação,rascunho
EXC-019,Excelência,Liderança geral,Tenho medo de errar. Como superar?,medo de errar; erro; insegurança; coragem,O medo de errar paralisa mais que o erro em si. Quem tenta aprende.,"Comece por passos pequenos, peça orientação antes de decisões maiores e trate cada erro como fonte de aprendizado.",Coragem; Aprendizado,Coleção: Medo,rascunho
EXC-020,Excelência,Cultura Beira Rio,Como equilibrar velocidade e qualidade?,velocidade; qualidade; rapidez; certo de primeira,Fazer certo de primeira costuma ser mais rápido do que refazer. A pressa sem processo gera retrabalho.,"Padronize o que dá, defina o que precisa de conferência e avise cedo quando o prazo estiver em risco.",Qualidade; Prazo,Dossiê 6,rascunho
ETI-001,Ética,Cultura Beira Rio,O que é agir com ética no meu trabalho?,ética; agir certo; conduta; integridade,Os valores da empresa falam em resultados positivos para todos os públicos. Agir com ética é considerar o impacto das suas ações em cada um deles.,"Antes de decidir, pergunte: isto é honesto, é justo com todos e eu faria diante de qualquer pessoa? Se a resposta for não, pare e converse com seu líder.",Valores; Integridade,Dossiê 2 (site oficial),rascunho
ETI-002,Ética,Liderança geral,Vi um colega fazendo algo errado. O que faço?,colega errado; conduta; denúncia; falha,Ignorar o erro pode prejudicar pessoas e a própria cultura. A forma de agir faz diferença.,"Se for seguro, converse com o colega com fatos e sem acusar. Se for grave, ou não resolver, leve ao seu líder ou ao canal indicado pela empresa.",Responsabilidade; Feedback,Coleção: Ética,rascunho
ETI-003,Ética,Liderança geral,Como ser honesto sem magoar?,honestidade; sinceridade; verdade; cuidado,Honestidade e respeito andam juntos. Dizer a verdade com cuidado é um sinal de confiança.,"Fale sobre fatos, escolha o momento certo, mostre o que é possível melhorar e ouça a reação da pessoa.",Feedback; Respeito,Coleção: Honestidade,rascunho
ETI-004,Ética,Liderança geral,Cometi um deslize e ninguém percebeu. Devo contar?,deslize; erro escondido; contar; transparência,Um erro escondido costuma crescer. Assumir cedo preserva a confiança e permite corrigir.,"Avise o responsável, explique o que ocorreu, proponha a correção e o que fará para evitar nova falha.",Transparência; Responsabilidade,Coleção: Integridade,rascunho
ETI-005,Ética,Liderança geral,Pediram para 'dar um jeitinho'. Como agir?,jeitinho; atalho; irregularidade; pressão,Atalhos que ferem regras ou valores cobram um preço depois.,"Diga com respeito que não pode fazer assim, ofereça uma alternativa correta e, se persistir, converse com a liderança.",Integridade; Coragem,Coleção: Integridade,rascunho
ETI-006,Ética,Liderança geral + cultura,Como manter a integridade sob pressão por resultados?,integridade; pressão; resultado; princípios,Resultado só vale quando é construído de forma correta. A empresa busca resultados que beneficiem todos.,"Mantenha seus princípios mesmo com prazos apertados, comunique dificuldades com antecedência e busque soluções legítimas.",Valores; Excelência,Dossiê 2; coleção: Caráter,rascunho
ETI-007,Ética,Liderança geral,Como agir com justiça entre colegas?,justiça; igualdade; favoritismo; critérios,"Justiça é tratar com os mesmos critérios, reconhecendo as diferenças de cada situação.","Explique os critérios de suas decisões, evite favoritismo e ouça os envolvidos antes de concluir.",Equidade; Respeito,Coleção: Justiça,rascunho
ETI-008,Ética,Cultura Beira Rio,Recebi um presente de fornecedor. O que fazer?,presente; fornecedor; conflito de interesses; brinde,"Fortalecer fornecedores é um valor, e isso exige relações transparentes, sem favores que influenciem decisões.","Informe seu líder, siga as regras internas da empresa e mantenha a decisão baseada em critérios objetivos.",Fornecedores; Transparência,Dossiê 2 (site oficial),rascunho
ETI-009,Ética,Liderança geral,Como guardar sigilo de informações?,sigilo; confidencialidade; informação; discrição,Quem guarda informações com cuidado protege a empresa e as pessoas.,"Compartilhe só o necessário, evite falar de assuntos internos fora do ambiente e use os canais corretos.",Confiança; Responsabilidade,Coleção: Confiança,rascunho
ETI-010,Ética,Liderança geral,Como cumprir o que prometo?,cumprir promessa; palavra; compromisso; confiabilidade,A palavra dada constrói reputação. Prometer menos e cumprir mais fortalece a confiança.,"Antes de prometer, avalie se pode cumprir. Se algo mudar, avise cedo e proponha uma alternativa.",Compromisso; Confiança,Coleção: Palavras,rascunho
ETI-011,Ética,Liderança geral,O que é lealdade no trabalho?,lealdade; fidelidade; equipe; empresa,"Lealdade é honrar a confiança que recebeu, e inclui dizer a verdade, mesmo quando é difícil.","Defenda o que é correto, fale diretamente com quem precisa ouvir e evite críticas pelas costas.",Confiança; Honestidade,Coleção: Lealdade,rascunho
ETI-012,Ética,Liderança geral,Como lidar com mentiras na equipe?,mentira; desonestidade; equipe; confiança,A mentira destrói a confiança e prejudica o ambiente.,"Converse com os envolvidos, busque os fatos, deixe claro o que é esperado e acione a liderança em casos graves.",Transparência; Confiança,Coleção: Mentir,rascunho
ETI-013,Ética,Liderança geral,Como ser transparente com a equipe?,transparência; clareza; informar; abertura,Equipes confiam mais em líderes que explicam o que pode ser explicado.,"Compartilhe as decisões e os motivos, assuma o que não sabe e informe cedo as mudanças que afetam o grupo.",Comunicação; Liderança,Coleção: Transparência,rascunho
ETI-014,Ética,Liderança geral + cultura,O que é responsabilidade pelo resultado do grupo?,responsabilidade coletiva; resultado; grupo; equipe,"Na unidade de ação, o resultado é de todos. Cada pessoa responde por sua parte e pelo todo.","Cumpra sua parte, avise quando perceber risco e ajude os colegas a entregarem o combinado.",Unidade de ação; Responsabilidade,Dossiê 4,rascunho
ETI-015,Ética,Cultura Beira Rio,Minha decisão afeta a comunidade ou o meio ambiente. E agora?,impacto; comunidade; meio ambiente; decisão,Cuidar da comunidade local e do meio ambiente está entre os valores da empresa.,"Avalie quem será afetado, busque a alternativa de menor impacto, converse com sua liderança e registre a decisão.",Valores; Sustentabilidade,Dossiê 2 (site oficial),rascunho
ETI-016,Ética,Cultura Beira Rio,Como tratar fornecedores com ética?,fornecedor; parceria; respeito; negociação,"Os fornecedores também são parte de quem a empresa serve, e a relação deve ser clara e justa.","Seja objetivo nos pedidos, cumpra o combinado, pague e responda com respeito e dê retorno sobre a qualidade.",Fornecedores; Valores,Dossiê 2 e 5.1,rascunho
ETI-017,Ética,Liderança geral,Como construir uma reputação sólida?,reputação; imagem; credibilidade; caráter,"A reputação é formada pelas pequenas atitudes, repetidas por muito tempo.","Cumpra o que promete, trate todos com respeito, assuma erros e seja coerente em qualquer ambiente.",Caráter; Confiança,Coleção: Caráter,rascunho
ETI-018,Ética,Liderança geral,Qual a diferença entre influenciar e manipular?,manipular; influenciar; persuadir; intenção,Influenciar é ajudar o outro a decidir com clareza. Manipular é usar o outro para um fim próprio.,"Seja claro sobre seu objetivo, apresente fatos, aceite um não e deixe a pessoa decidir.",Persuasão; Respeito,Coleção: Manipulação,rascunho
ETI-019,Ética,Liderança geral + cultura,Como dar crédito a quem merece?,crédito; reconhecimento; mérito; honestidade,Reconhecer o mérito dos outros fortalece a cultura e a confiança. A empresa valoriza a meritocracia.,"Cite quem contribuiu, agradeça em público quando for apropriado e leve boas práticas ao encontro mensal.",Reconhecimento; Meritocracia,Dossiê 3 e 5.3,rascunho
ETI-020,Ética,Liderança geral,E se o meu chefe agir de forma antiética?,chefe antiético; conduta; liderança; denúncia,É uma situação difícil e deve ser tratada com cuidado e fatos.,"Registre o que ocorreu, procure primeiro uma conversa direta, se for seguro, e use os canais indicados pela empresa, como RH ou a diretoria.",Coragem; Responsabilidade,Coleção: Ética,rascunho
DHU-001,Desenvolvimento humano,Liderança geral,Como me conhecer melhor como profissional?,autoconhecimento; pontos fortes; conhecer a si; perfil,Conhecer seus pontos fortes e suas limitações ajuda a escolher onde crescer.,"Anote o que faz bem, o que ainda precisa melhorar e peça a duas pessoas que opinem. Defina um ponto para desenvolver.",Pontos fortes; Feedback,Coleção: Autoconhecimento,rascunho
DHU-002,Desenvolvimento humano,Liderança geral,Como lidar com minhas emoções no trabalho?,emoções; controle emocional; inteligência emocional; reagir,Sentir é normal. O que importa é como reagir.,"Perceba o que sentiu, respire antes de responder, escolha o que dizer e volte ao assunto quando estiver mais calmo.",Equilíbrio; Relacionamentos,Coleção: Emoções,rascunho
DHU-003,Desenvolvimento humano,Liderança geral + cultura,Como ter mais autoconfiança?,autoconfiança; insegurança; confiança em si,A autoconfiança é uma característica do líder e cresce com pequenas conquistas.,"Registre o que já fez bem, prepare-se para o que é novo, comece por desafios pequenos e peça feedback.",Atitude; Preparação,Dossiê 5.1; coleção: Autoconfiança,rascunho
DHU-004,Desenvolvimento humano,Liderança geral,Como desenvolver a humildade?,humildade; aprender; ouvir; ego,Humildade é saber que sempre há o que aprender e reconhecer o que os outros fazem bem.,"Peça opinião, agradeça correções, reconheça seus limites e valorize o conhecimento dos colegas.",Aprendizado; Respeito,Coleção: Humildade,rascunho
DHU-005,Desenvolvimento humano,Liderança geral,Como ganhar maturidade profissional?,maturidade; amadurecer; postura; experiência,A maturidade vem da experiência refletida: quem aprende com cada situação evolui mais rápido.,"Ao fim de cada semana, pense no que aprendeu, converse com alguém mais experiente e assuma responsabilidades.",Reflexão; Responsabilidade,Coleção: Maturidade,rascunho
DHU-006,Desenvolvimento humano,Liderança geral,Como manter uma atitude positiva em dias difíceis?,atitude positiva; dia difícil; ânimo; perspectiva,Atitude positiva não é negar o problema: é escolher como reagir a ele.,"Reconheça a dificuldade, identifique o que está em suas mãos, foque na próxima ação e busque apoio.",Resiliência; Foco,Coleção: Atitude,rascunho
DHU-007,Desenvolvimento humano,Liderança geral,Como ter coragem de dizer o que penso?,coragem; falar; opinar; posicionar,"Coragem é dizer o que pensa com respeito, mesmo com receio.","Prepare o que dirá, escolha o momento, comece com fatos e abra espaço para ouvir.",Comunicação; Respeito,Coleção: Coragem,rascunho
DHU-008,Desenvolvimento humano,Liderança geral + cultura,Como criar um plano de desenvolvimento pessoal?,plano de desenvolvimento; metas; evolução; crescer,"A empresa valoriza a formação das pessoas, e cada um é protagonista do seu crescimento.","Defina uma habilidade, um prazo e uma forma de praticar. Converse com seu líder e acompanhe a evolução.",Formação; Protagonismo,Dossiê 5.3; coleção: Crescimento,rascunho
DHU-009,Desenvolvimento humano,Cultura Beira Rio,Como aprender com quem sabe mais?,aprender; mentor; pessoa experiente; troca,"Na cultura da empresa, todos são alunos e professores. Quem sabe mais também aprende ao ensinar.","Escolha alguém que admira, faça perguntas objetivas, peça para observar o trabalho e agradeça.",Aluno e professor; Mentoria,Dossiê 3,rascunho
DHU-010,Desenvolvimento humano,Liderança geral,Como criar o hábito de ler e aprender?,leitura; aprender; estudar; hábito,"Aprender todo dia, mesmo em pequenas doses, forma pessoas mais preparadas.","Reserve 15 minutos diários, escolha temas ligados ao seu trabalho e anote uma ideia para aplicar.",Atualização; Disciplina,Coleção: Leitura,rascunho
DHU-011,Desenvolvimento humano,Liderança geral,Como desenvolver a curiosidade?,curiosidade; perguntar; explorar; aprender,A curiosidade abre portas para novas ideias e melhorias.,"Pergunte por que as coisas são feitas assim, visite outras áreas e teste uma ideia pequena.",Inovação; Aprendizado,Coleção: Aprender,rascunho
DHU-012,Desenvolvimento humano,Liderança geral,Fico nervoso antes de apresentar. O que fazer?,nervosismo; apresentação; falar em público; ansiedade,Nervosismo antes de apresentar é comum e pode ser transformado em preparação.,"Ensaie em voz alta, conheça os dois primeiros minutos de cor, respire fundo e foque em ajudar quem ouve.",Comunicação; Preparação,Coleção: Preparação,rascunho
DHU-013,Desenvolvimento humano,Liderança geral,Como ser mais resiliente?,resiliência; adversidade; superar; força,Resiliência é a capacidade de se reerguer e continuar. Ela se fortalece com experiência e apoio.,"Reconheça o que aconteceu, ajuste o plano, busque apoio e valorize o que já superou.",Persistência; Superação,Coleção: Superação,rascunho
DHU-014,Desenvolvimento humano,Cultura Beira Rio,Como encontrar propósito no meu trabalho?,propósito; sentido; motivação; trabalho,"Na cultura da empresa, o trabalho é lugar de resultado e de aprendizado, e contribui para as pessoas e a sociedade.","Pergunte quem se beneficia do seu trabalho, o que aprende com ele e como pode melhorar a vida de alguém com ele.",Propósito; Missão,Dossiê 2,rascunho
DHU-015,Desenvolvimento humano,Liderança geral,Como pedir feedback sobre mim?,pedir feedback; avaliação; opinião; crescer,Quem pede feedback cresce mais rápido. É preciso abrir espaço para ouvir.,"Escolha uma pessoa de confiança, pergunte o que faço bem e o que posso melhorar, agradeça e aplique algo.",Feedback; Humildade,Coleção: Feedback,rascunho
DHU-016,Desenvolvimento humano,Liderança geral,Estou frustrado por não ter sido promovido,frustração; promoção; carreira; expectativa,"A frustração é natural, e pode virar informação sobre o que desenvolver.","Converse com seu líder sobre critérios e expectativas, peça um plano de desenvolvimento e mantenha a qualidade do trabalho.",Carreira; Feedback,Coleção: Carreira,rascunho
DHU-017,Desenvolvimento humano,Liderança geral,Como simplificar o que faço?,simplificar; simples; complexidade; eficiência,A simplicidade é sinal de maturidade: fazer o essencial bem feito.,"Liste suas etapas, elimine o que não agrega, padronize o que funciona e peça opinião à equipe.",Melhoria contínua; Foco,Coleção: Simplicidade,rascunho
DHU-018,Desenvolvimento humano,Cultura Beira Rio,Como ampliar minha visão além da minha função?,visão global; ampliar visão; outras áreas; contexto,"O perfil de liderança descrito na empresa inclui visão global: entender clientes, fornecedores, comunidade e colaboradores.","Converse com outras áreas, entenda como o seu trabalho chega ao cliente final e traga o que aprender para sua equipe.",Visão global; Saber servir,Dossiê 5.1,rascunho
DHU-019,Desenvolvimento humano,Liderança geral,Como ser mais paciente?,paciência; calma; tolerância; esperar,Paciência é saber que processos e pessoas têm seu tempo.,"Respire antes de reagir, tente entender o outro, divida o objetivo em etapas e comemore pequenos avanços.",Equilíbrio; Persistência,Coleção: Paciência,rascunho
DHU-020,Desenvolvimento humano,Cultura Beira Rio,Como criar o hábito de refletir sobre o meu dia?,refletir; reflexão; revisar o dia; aprendizado,"A reflexão faz parte do ciclo da plataforma: conhecer, refletir, praticar. É ela que transforma experiência em aprendizado.","No fim do dia, anote o que deu certo, o que pode melhorar e uma ação para amanhã. Use isso no encontro mensal.",Conquistando a Perfeição; Evolução,Dossiê 3,rascunho
ONT-001,Ontopsicologia,Ontopsicologia,O que é a Ontopsicologia e por que aparece na cultura da empresa?,Ontopsicologia; o que é; escola; fundamento,"É uma escola de pensamento que estuda a pessoa a partir do seu projeto natural e da busca por escolhas coerentes com ele. Na cultura da empresa, ela inspira a visão humanista de liderança e formação de pessoas.",Use o conceito como convite à reflexão: pergunte-se se suas escolhas de trabalho são coerentes com o que você é e com o que a empresa propõe.,Em Si ôntico; Formação de pessoas,Livro de liderança enviado (Ontopsicologia),em_revisao
ONT-002,Ontopsicologia,Ontopsicologia,O que é o 'Em Si ôntico'?,Em Si ôntico; núcleo; natureza; essência; projeto,"Na Ontopsicologia, é o núcleo de cada pessoa, o seu projeto natural, que funciona como referência interna para escolher o que é adequado a ela.","Antes de uma escolha importante, reserve um momento para perguntar o que realmente faz sentido para você, além de pressões e opiniões.",Intuição; Autoconhecimento,Livro de liderança enviado (Ontopsicologia),em_revisao
ONT-003,Ontopsicologia,Ontopsicologia,Posso usar a intuição para decidir no trabalho?,intuição; decidir; decisão; sentir; escolha,"A escola considera a intuição uma fonte valiosa de informação sobre qual escolha é mais adequada. Ela completa a análise lógica, não a substitui.","Reúna dados, pense nas opções e observe o que sua intuição indica. Se houver conflito, investigue o motivo antes de decidir.",Em Si ôntico; Decisões,Livro de liderança enviado (Ontopsicologia),em_revisao
ONT-004,Ontopsicologia,Ontopsicologia,O que é a 'unidade de ação'?,unidade de ação; pessoa; coerência; ação,"Na escola, a unidade de ação é a pessoa como um todo: pensamento, sentimento e ação trabalhando juntos. Na empresa, a expressão também descreve equipes alinhadas a um mesmo objetivo.","Verifique se o que você pensa, sente e faz está na mesma direção. Se não, converse com seu líder sobre o que o está travando.",Unidade de ação (equipe); Coerência,Livro de liderança enviado (Ontopsicologia),em_revisao
ONT-005,Ontopsicologia,Ontopsicologia,"O que significa liderar, segundo essa visão?",liderar; liderança; servir; harmonia,"O líder é quem sabe servir, fazer funcionar e construir harmonia nas relações para que o grupo produza o máximo de valor. Liderar não é sufocar, vigiar ou pressionar.","Pergunte à equipe de que apoio ela precisa, organize as condições de trabalho e deixe claro o objetivo comum.",Saber servir; Liderança,Livro de liderança enviado (Ontopsicologia),em_revisao
ONT-006,Ontopsicologia,Ontopsicologia,Como um líder constrói harmonia na equipe?,harmonia; relações; equipe; funcionalidade,"A harmonia nasce quando cada parte funciona bem e se sente respeitada. O líder é funcional a todas as partes, até que se alinhem a um objetivo simples e comum.","Escute cada área, identifique o que está travando a relação entre elas e ajude a ajustar rotinas e combinados.",Unidade de ação; Relacionamentos,Livro de liderança enviado (Ontopsicologia),em_revisao
ONT-007,Ontopsicologia,Ontopsicologia,Por que um líder precisa de cultura geral?,cultura geral; conhecimento; informação; ambiente,"O líder opera no meio de interesses humanos e precisa conhecer o ambiente e as pessoas com quem trabalha: o contexto do país, da região e da cultura.","Leia sobre temas variados, converse com pessoas de áreas e histórias diferentes e traga isso para a forma como lidera.",Atualização; Visão global,Livro de liderança enviado (Ontopsicologia),em_revisao
ONT-008,Ontopsicologia,Ontopsicologia,Por que um líder precisa dominar o próprio setor?,cultura específica; especialista; setor; conhecimento técnico,A inteligência no próprio campo de atuação sustenta o crescimento. Quem lidera deve conhecer bem a teoria e a prática da sua área.,"Estude os processos do seu setor, acompanhe a rotina na prática e converse com quem executa para entender os detalhes.",Formação; Excelência,Livro de liderança enviado (Ontopsicologia),em_revisao
ONT-009,Ontopsicologia,Ontopsicologia,Como lidar bem com pessoas de culturas e ambientes diferentes?,diplomacia; relações; respeito; culturas; trato,"A habilidade de se relacionar bem, sem ofender e sem destruir valores alheios, faz parte da formação do líder.","Ouça antes de julgar, aprenda os costumes de quem trabalha com você e seja claro e respeitoso ao discordar.",Respeito; Comunicação,Livro de liderança enviado (Ontopsicologia),em_revisao
ONT-010,Ontopsicologia,Ontopsicologia,O que significa 'transcender estereótipos'?,estereótipos; rótulos; preconceito; opinião pronta,"É não se prender a opiniões prontas, rótulos e tradições rígidas, para ver cada situação como ela é. Isso não significa abrir mão dos valores da empresa.","Quando pensar 'isso sempre foi assim' ou 'essa pessoa é assim', pergunte quais fatos sustentam o que pensa.",Mente aberta; Valores,Livro de liderança enviado (Ontopsicologia),em_revisao
ONT-011,Ontopsicologia,Ontopsicologia,"Quando algo não vai bem, por onde começo?",autoanálise; responsabilidade; começar por mim; causa,"A escola propõe começar analisando a si mesmo antes de atribuir a causa aos outros, porque é onde se tem mais poder de mudança.","Pergunte-se o que você pode mudar na situação, ajuste o que está ao seu alcance e depois converse com os outros.",Responsabilidade; Autoconhecimento,Livro de liderança enviado (Ontopsicologia),em_revisao
ONT-012,Ontopsicologia,Ontopsicologia,Como evitar julgar colegas por rótulos?,rótulo; julgar; pré-julgamento; colega,Rótulos simplificam as pessoas e escondem o que cada uma tem de singular.,"Observe o que a pessoa faz, pergunte sobre sua forma de trabalhar e avalie com base em fatos e resultados.",Respeito; Relacionamentos,Livro de liderança enviado (Ontopsicologia),em_revisao
ONT-013,Ontopsicologia,Ontopsicologia,Como separar opinião de realidade ao decidir?,opinião; realidade; fatos; fantasia; certeza,"Na consciência convivem fantasias, opiniões e certezas. O desafio é identificar qual escolha é realmente concreta e adequada.","Separe o que é fato, o que é interpretação e o que é desejo. Decida com base no que pode ser verificado e na coerência com o objetivo.",Decisões; Clareza,Livro de liderança enviado (Ontopsicologia),em_revisao
ONT-014,Ontopsicologia,Ontopsicologia,Meu corpo reage a certas decisões. Devo prestar atenção?,sinais internos; reação; corpo; incômodo; escolha,"A escola ensina que as reações internas diante de uma escolha trazem informações sobre ela. São pistas, não verdades absolutas.","Perceba como se sente ao pensar em cada opção, anote e confirme com fatos e conversa com alguém de confiança.",Intuição; Autoconhecimento,Livro de liderança enviado (Ontopsicologia),em_revisao
ONT-015,Ontopsicologia,Ontopsicologia,Sinto-me disperso e sem foco. O que fazer?,dispersão; foco; caos; confusão; essencial,A dispersão aparece quando se perde a referência do que é essencial e importante.,"Volte ao seu objetivo principal, liste o que o aproxima ou afasta dele e elimine o que for ruído.",Foco; Propósito,Livro de liderança enviado (Ontopsicologia),em_revisao
ONT-016,Ontopsicologia,Ontopsicologia,O que é 'campo semântico'?,campo semântico; clima; ambiente; informação; relações,"Na Ontopsicologia, é a informação que as pessoas e os ambientes emitem e que influencia as relações. Na prática, é perceber como o clima e as pessoas afetam o seu trabalho.","Observe o ambiente com atenção, converse e confirme com fatos. Nunca use essa percepção sozinha para rotular ou excluir alguém.",Clima de equipe; Comunicação,Livro de liderança enviado (Ontopsicologia),em_revisao
ONT-017,Ontopsicologia,Ontopsicologia,O que é o 'monitor de deflexão'?,monitor de deflexão; desvio; padrões impostos; imitação,"Na escola, é o nome dado ao mecanismo que desvia a pessoa do seu projeto natural e a leva a seguir padrões que não são seus. É um conceito técnico que precisa de estudo.",Pergunte-se se uma escolha vem de convicção própria ou de imitação do que os outros esperam. Procure aprofundar o tema em formação adequada.,Em Si ôntico; Autoconhecimento,Livro de liderança enviado (Ontopsicologia),em_revisao
ONT-018,Ontopsicologia,Ontopsicologia,Como encontrar a solução certa para cada situação?,solução certa; proporção; situação; encontrar saída,"O líder sabe ler a proporção da realidade e aplicar a solução adequada a cada momento, sem fórmulas prontas.","Entenda bem o contexto, pergunte a quem está na linha de frente e teste a solução em pequena escala antes de ampliar.",Decisões; Melhoria contínua,Livro de liderança enviado (Ontopsicologia),em_revisao
ONT-019,Ontopsicologia,Ontopsicologia,Como me comportar ao entrar no território de outra área?,outra área; território; respeito; servir; obedecer,Um líder reconhece outro líder pelo modo como serve e respeita quando entra no espaço dele.,"Peça licença, pergunte como podem se ajudar, siga as regras do local e valorize o que a outra área faz.",Respeito; Saber servir,Livro de liderança enviado (Ontopsicologia),em_revisao
ONT-020,Ontopsicologia,Ontopsicologia,Liderar é mandar e cobrar?,mandar; cobrar; autoritarismo; comando; liderança,"Esse é um conceito imaturo de liderança. Quem lidera de verdade serve, organiza e ajuda as pessoas a produzirem melhor.","Substitua a ordem seca por clareza de objetivo, apoio e acompanhamento. Cobre resultados, mas com respeito.",Liderança; Respeito,Livro de liderança enviado (Ontopsicologia),em_revisao
